condition_id,seed,profile,m,k,topology,contact_prob,epoch_length,traffic_regime,attack_type,has_real_attack,approach,scenario,num_nodes,time_to_first_local_suspicion,time_to_median_local_suspicion,time_to_first_regional_coord,time_to_median_regional_coord,time_to_fleet_awareness,false_escalation_count,true_coord_hits,missed_coord_attacks,stale_pressure_events,total_bytes,total_merges,bytes_per_node,mean_packet_size,max_saturation_pct,steps_in_harmful_saturation,final_saturation_variance,degradation_under_malicious,layer_a_fp_rate,layer_a_campaign_recall,layer_a_sat_pct
0,50000,negative_control_4096,4096,2,ring,0.15,100,benign_heavy,none,False,ghost_meadow,benign_heavy_negative_control_4096,12,26,31,90,96,31,12,0,0,30,1854320,1783,154526.66666666666,1040.0,65.75113932291667,0,5.59126337369283,0.0,0.02,1.0,13.4521484375
0,50000,negative_control_4096,4096,2,ring,0.15,100,benign_heavy,none,False,local_only,benign_heavy_negative_control_4096,12,39,43,,,43,0,0,0,0,0,0,0.0,0.0,59.633333333333326,0,4.207499999999999,0.0,,,
0,50000,negative_control_4096,4096,2,ring,0.15,100,benign_heavy,none,False,exact_gossip,benign_heavy_negative_control_4096,12,9,12,15,28,12,12,0,0,304,5738036,1783,478169.6666666667,3218.1918115535614,95.0,363,0.0,0.0,,,
1,50000,negative_control_4096,4096,2,star_sparse,0.4,200,coordinated_bursty,distributed_campaign,True,ghost_meadow,coordinated_bursty_negative_control_4096,12,30,31,137,139,31,0,4,8,173,5476640,5266,456386.6666666667,1040.0,75.26448567708333,0,0.1687804857889811,0.0,0.02,1.0,13.4521484375
1,50000,negative_control_4096,4096,2,star_sparse,0.4,200,coordinated_bursty,distributed_campaign,True,local_only,coordinated_bursty_negative_control_4096,12,65,69,166,178,69,0,12,0,0,0,0,0.0,0.0,74.51666666666667,0,4.243055555555561,0.0,,,
1,50000,negative_control_4096,4096,2,star_sparse,0.4,200,coordinated_bursty,distributed_campaign,True,exact_gossip,coordinated_bursty_negative_control_4096,12,8,9,17,22,9,0,12,0,413,19325528,5266,1610460.6666666667,3669.868590960881,95.0,439,0.0,0.0,,,
2,50000,negative_control_4096,4096,2,regional_mesh,0.7,300,low_and_slow,distributed_campaign,True,ghost_meadow,low_and_slow_negative_control_4096,12,29,30,138,214,30,0,12,0,275,15379520,14788,1281626.6666666667,1040.0,80.52775065104167,8,0.00021109978357950845,0.0,0.02,1.0,13.4521484375
2,50000,negative_control_4096,4096,2,regional_mesh,0.7,300,low_and_slow,distributed_campaign,True,local_only,low_and_slow_negative_control_4096,12,64,69,165,181,69,0,12,0,42,0,0,0.0,0.0,95.0,78,7.3488888888888875,0.0,,,
2,50000,negative_control_4096,4096,2,regional_mesh,0.7,300,low_and_slow,distributed_campaign,True,exact_gossip,low_and_slow_negative_control_4096,12,7,7,17,17,7,0,12,0,447,56299080,14788,4691590.0,3807.07871246957,95.0,462,0.0,0.0,,,
3,50000,negative_control_4096,4096,2,partitioned_clusters,0.15,100,poison_heavy,poison_flood,True,ghost_meadow,poison_heavy_negative_control_4096,12,31,32,,,32,0,0,0,54,4449120,4266,370760.0,1042.9254571026722,55.09588068181818,0,0.8720799911120707,0.0,0.02,1.0,13.4521484375
3,50000,negative_control_4096,4096,2,partitioned_clusters,0.15,100,poison_heavy,poison_flood,True,local_only,poison_heavy_negative_control_4096,12,64,69,,,69,0,0,0,0,0,0,0.0,0.0,36.87272727272727,0,0.9269421487603331,0.0,,,
3,50000,negative_control_4096,4096,2,partitioned_clusters,0.15,100,poison_heavy,poison_flood,True,exact_gossip,poison_heavy_negative_control_4096,12,9,13,20,23,13,11,0,0,324,12833242,4259,1069436.8333333333,3013.205447288096,95.0,375,0.0,0.0,,,
4,50000,negative_control_4096,4096,2,full_mesh,0.4,200,collusion_3,coordinated_poison,True,ghost_meadow,collusion_3_negative_control_4096,12,41,50,397,397,50,9,0,0,164,20686120,19905,1723843.3333333333,1039.2424014066817,75.3173828125,0,0.010066562228732638,0.0,0.02,1.0,13.4521484375
4,50000,negative_control_4096,4096,2,full_mesh,0.4,200,collusion_3,coordinated_poison,True,local_only,collusion_3_negative_control_4096,12,65,71,172,182,71,9,0,0,1,0,0,0.0,0.0,71.9111111111111,0,3.6000000000000036,0.0,,,
4,50000,negative_control_4096,4096,2,full_mesh,0.4,200,collusion_3,coordinated_poison,True,exact_gossip,collusion_3_negative_control_4096,12,7,8,19,19,8,9,0,0,414,55448862,19934,4620738.5,2781.622454098525,95.0,437,0.0,0.0,,,
5,50000,negative_control_4096,4096,2,ring,0.7,300,namespace_flood,namespace_flood,True,ghost_meadow,namespace_flood_negative_control_4096,12,2,2,8,12,2,11,0,0,423,8063120,7749,671926.6666666666,1040.5368434636728,100.0,468,0.0,0.0,0.02,1.0,13.4521484375
5,50000,negative_control_4096,4096,2,ring,0.7,300,namespace_flood,namespace_flood,True,local_only,namespace_flood_negative_control_4096,12,64,69,172,181,69,11,0,0,36,0,0,0.0,0.0,95.0,74,7.045950413223138,0.0,,,
5,50000,negative_control_4096,4096,2,ring,0.7,300,namespace_flood,namespace_flood,True,exact_gossip,namespace_flood_negative_control_4096,12,1,1,2,2,1,11,0,0,484,29414210,7747,2451184.1666666665,3796.851684523041,95.0,495,0.0,0.0,,,
6,50000,negative_control_4096,4096,2,star_sparse,0.15,100,stale_replay,replay_stale,True,ghost_meadow,stale_replay_negative_control_4096,12,33,37,,,37,0,0,11,42,1166360,1141,97196.66666666667,1022.2261174408413,55.12917258522727,0,1.6644079823139286,0.0,0.02,1.0,13.4521484375
6,50000,negative_control_4096,4096,2,star_sparse,0.15,100,stale_replay,replay_stale,True,local_only,stale_replay_negative_control_4096,12,64,69,,,69,0,0,11,0,0,0,0.0,0.0,36.87272727272727,0,0.9269421487603331,0.0,,,
6,50000,negative_control_4096,4096,2,star_sparse,0.15,100,stale_replay,replay_stale,True,exact_gossip,stale_replay_negative_control_4096,12,24,46,56,57,46,0,3,8,0,1016302,1109,84691.83333333333,916.4129846708746,74.52727272727272,0,192.11173553719007,0.0,,,
7,50000,good_regime_32768,32768,7,regional_mesh,0.4,200,benign_heavy,none,False,ghost_meadow,benign_heavy_good_regime_32768,12,45,46,,,46,0,0,0,264,69332976,8447,5777748.0,8208.0,50.91705322265625,0,0.021250194145573508,0.0,0.0,1.0,6.0821533203125
7,50000,good_regime_32768,32768,7,regional_mesh,0.4,200,benign_heavy,none,False,local_only,benign_heavy_good_regime_32768,12,39,43,104,110,43,12,0,0,67,0,0,0.0,0.0,95.0,125,4.207499999999999,0.0,,,
7,50000,good_regime_32768,32768,7,regional_mesh,0.4,200,benign_heavy,none,False,exact_gossip,benign_heavy_good_regime_32768,12,5,5,11,11,5,12,0,0,441,32041620,8447,2670135.0,3793.254409849651,95.0,460,0.0,0.0,,,
8,50000,good_regime_32768,32768,7,partitioned_clusters,0.7,300,coordinated_bursty,distributed_campaign,True,ghost_meadow,coordinated_bursty_good_regime_32768,12,75,123,,,123,0,0,12,305,178720992,21774,14893416.0,8208.0,52.15886433919271,0,0.01781225566648775,0.0,0.0,1.0,6.0821533203125
8,50000,good_regime_32768,32768,7,partitioned_clusters,0.7,300,coordinated_bursty,distributed_campaign,True,local_only,coordinated_bursty_good_regime_32768,12,65,69,166,178,69,0,12,0,47,0,0,0.0,0.0,95.0,80,11.793333333333344,0.0,,,
8,50000,good_regime_32768,32768,7,partitioned_clusters,0.7,300,coordinated_bursty,distributed_campaign,True,exact_gossip,coordinated_bursty_good_regime_32768,12,7,7,17,18,7,0,12,0,447,83030936,21774,6919244.666666667,3813.3065123541837,95.0,463,0.0,0.0,,,
9,50000,good_regime_32768,32768,7,full_mesh,0.15,100,low_and_slow,distributed_campaign,True,ghost_meadow,low_and_slow_good_regime_32768,12,74,75,,,75,0,0,12,16,81727056,9957,6810588.0,8208.0,31.218973795572918,0,0.019561654577652614,0.0,0.0,1.0,6.0821533203125
9,50000,good_regime_32768,32768,7,full_mesh,0.15,100,low_and_slow,distributed_campaign,True,local_only,low_and_slow_good_regime_32768,12,64,69,,,69,0,0,12,0,0,0,0.0,0.0,37.516666666666666,0,4.043055555555556,0.0,,,
9,50000,good_regime_32768,32768,7,full_mesh,0.15,100,low_and_slow,distributed_campaign,True,exact_gossip,low_and_slow_good_regime_32768,12,7,8,17,17,8,0,12,0,366,34878572,9957,2906547.6666666665,3502.9197549462688,95.0,406,0.0,0.0,,,
10,50000,good_regime_32768,32768,7,ring,0.4,200,poison_heavy,poison_flood,True,ghost_meadow,poison_heavy_good_regime_32768,12,79,83,,,83,0,0,0,189,36948312,4504,3079026.0,8203.44404973357,44.40723765980113,0,0.16466260325810142,0.0,0.0,1.0,6.0821533203125
10,50000,good_regime_32768,32768,7,ring,0.4,200,poison_heavy,poison_flood,True,local_only,poison_heavy_good_regime_32768,12,64,69,172,181,69,11,0,0,0,0,0,0.0,0.0,71.74545454545454,0,0.9269421487603331,0.0,,,
10,50000,good_regime_32768,32768,7,ring,0.4,200,poison_heavy,poison_flood,True,exact_gossip,poison_heavy_good_regime_32768,12,10,12,19,22,12,11,0,0,380,14641794,4482,1220149.5,3266.7991967871485,95.0,417,0.0,0.0,,,
11,50000,good_regime_32768,32768,7,star_sparse,0.7,300,collusion_3,coordinated_poison,True,ghost_meadow,collusion_3_good_regime_32768,12,79,80,,,80,0,0,0,293,37494144,4587,3124512.0,8174.001308044473,54.5684814453125,0,0.004486445291542712,0.0,0.0,1.0,6.0821533203125
11,50000,good_regime_32768,32768,7,star_sparse,0.7,300,collusion_3,coordinated_poison,True,local_only,collusion_3_good_regime_32768,12,65,71,172,182,71,9,0,0,33,0,0,0.0,0.0,95.0,74,1.820246913580259,0.0,,,
11,50000,good_regime_32768,32768,7,star_sparse,0.7,300,collusion_3,coordinated_poison,True,exact_gossip,collusion_3_good_regime_32768,12,21,45,55,145,45,9,0,0,162,6295720,4536,524643.3333333334,1387.9453262786596,95.0,240,0.0,0.0,,,
12,50000,good_regime_32768,32768,7,regional_mesh,0.15,100,namespace_flood,namespace_flood,True,ghost_meadow,namespace_flood_good_regime_32768,12,5,7,21,24,7,11,0,0,161,22744368,2775,1895364.0,8196.168648648649,98.76598011363636,283,0.12903050942854447,0.0,0.0,1.0,6.0821533203125
12,50000,good_regime_32768,32768,7,regional_mesh,0.15,100,namespace_flood,namespace_flood,True,local_only,namespace_flood_good_regime_32768,12,64,69,,,69,0,0,0,0,0,0,0.0,0.0,36.87272727272727,0,0.9269421487603331,0.0,,,
12,50000,good_regime_32768,32768,7,regional_mesh,0.15,100,namespace_flood,namespace_flood,True,exact_gossip,namespace_flood_good_regime_32768,12,1,6,3,6,6,11,0,0,414,9594126,2755,799510.5,3482.441379310345,95.0,453,0.0,0.0,,,
13,50000,good_regime_32768,32768,7,partitioned_clusters,0.4,200,stale_replay,replay_stale,True,ghost_meadow,stale_replay_good_regime_32768,12,77,78,,,78,0,0,11,197,94482288,11508,7873524.0,8210.139728884255,45.25507146661932,0,0.1476204777059476,0.0,0.0,1.0,6.0821533203125
13,50000,good_regime_32768,32768,7,partitioned_clusters,0.4,200,stale_replay,replay_stale,True,local_only,stale_replay_good_regime_32768,12,64,69,172,181,69,0,11,0,0,0,0,0.0,0.0,71.74545454545454,0,0.9269421487603331,0.0,,,
13,50000,good_regime_32768,32768,7,partitioned_clusters,0.4,200,stale_replay,replay_stale,True,exact_gossip,stale_replay_good_regime_32768,12,7,9,18,19,9,0,11,0,417,39132692,11464,3261057.6666666665,3413.5286113049547,95.0,441,0.0,0.0,,,
14,50000,good_regime_192000,192000,13,full_mesh,0.7,300,benign_heavy,none,False,ghost_meadow,benign_heavy_good_regime_192000,12,,,,,,0,0,0,0,2226693984,46374,185557832.0,48016.0,22.59036458333334,0,0.00010097739137248659,0.0,0.0,1.0,1.9770833333333335
14,50000,good_regime_192000,192000,13,full_mesh,0.7,300,benign_heavy,none,False,local_only,benign_heavy_good_regime_192000,12,39,43,104,110,43,12,0,0,168,0,0,0.0,0.0,95.0,224,0.0,0.0,,,
14,50000,good_regime_192000,192000,13,full_mesh,0.7,300,benign_heavy,none,False,exact_gossip,benign_heavy_good_regime_192000,12,4,4,10,10,4,12,0,0,464,180129272,46374,15010772.666666666,3884.2729115452626,95.0,476,0.0,0.0,,,
15,50000,good_regime_192000,192000,13,ring,0.15,100,coordinated_bursty,distributed_campaign,True,ghost_meadow,coordinated_bursty_good_regime_192000,12,,,,,,0,0,12,0,85612528,1783,7134377.333333333,48016.0,10.18146701388889,0,0.4117120342490114,0.0,0.0,1.0,1.9770833333333335
15,50000,good_regime_192000,192000,13,ring,0.15,100,coordinated_bursty,distributed_campaign,True,local_only,coordinated_bursty_good_regime_192000,12,65,69,,,69,0,0,12,0,0,0,0.0,0.0,38.18333333333333,0,4.243055555555561,0.0,,,
15,50000,good_regime_192000,192000,13,ring,0.15,100,coordinated_bursty,distributed_campaign,True,exact_gossip,coordinated_bursty_good_regime_192000,12,14,16,25,31,16,0,12,0,256,5352204,1783,446017.0,3001.7969713965226,95.0,324,0.0,0.0,,,
16,50000,good_regime_192000,192000,13,star_sparse,0.4,200,low_and_slow,distributed_campaign,True,ghost_meadow,low_and_slow_good_regime_192000,12,,,,,,0,0,12,0,252852256,5266,21071021.333333332,48016.0,17.24240451388889,0,0.011762489978177998,0.0,0.0,1.0,1.9770833333333335
16,50000,good_regime_192000,192000,13,star_sparse,0.4,200,low_and_slow,distributed_campaign,True,local_only,low_and_slow_good_regime_192000,12,64,69,165,181,69,0,12,0,0,0,0,0.0,0.0,73.18333333333332,0,4.043055555555556,0.0,,,
16,50000,good_regime_192000,192000,13,star_sparse,0.4,200,low_and_slow,distributed_campaign,True,exact_gossip,low_and_slow_good_regime_192000,12,8,9,17,22,9,0,12,0,413,19298008,5266,1608167.3333333333,3664.642612988986,95.0,438,0.0,0.0,,,
17,50000,good_regime_192000,192000,13,regional_mesh,0.7,300,poison_heavy,poison_flood,True,ghost_meadow,poison_heavy_good_regime_192000,12,,,,,,0,0,0,0,625072288,12996,52089357.333333336,48097.28285626347,20.72732007575757,0,4.761302657255029e-05,0.0,0.0,1.0,1.9770833333333335
17,50000,good_regime_192000,192000,13,regional_mesh,0.7,300,poison_heavy,poison_flood,True,local_only,poison_heavy_good_regime_192000,12,64,69,172,181,69,11,0,0,36,0,0,0.0,0.0,95.0,74,7.045950413223138,0.0,,,
17,50000,good_regime_192000,192000,13,regional_mesh,0.7,300,poison_heavy,poison_flood,True,exact_gossip,poison_heavy_good_regime_192000,12,9,10,23,24,10,11,0,0,349,42128238,13056,3510686.5,3226.7339154411766,95.0,434,0.0,0.0,,,
18,50000,good_regime_192000,192000,13,partitioned_clusters,0.15,100,collusion_3,coordinated_poison,True,ghost_meadow,collusion_3_good_regime_192000,12,,,,,,0,0,0,0,169160368,3519,14096697.333333334,48070.579141801645,10.30949074074074,0,0.07719009880829907,0.0,0.0,1.0,1.9770833333333335
18,50000,good_regime_192000,192000,13,partitioned_clusters,0.15,100,collusion_3,coordinated_poison,True,local_only,collusion_3_good_regime_192000,12,65,71,,,71,0,0,0,0,0,0,0.0,0.0,37.0,0,3.6000000000000036,0.0,,,
18,50000,good_regime_192000,192000,13,partitioned_clusters,0.15,100,collusion_3,coordinated_poison,True,exact_gossip,collusion_3_good_regime_192000,12,12,14,21,22,14,9,0,0,308,9293008,3523,774417.3333333334,2637.8109565711043,95.0,369,0.0,0.0,,,
19,50000,good_regime_192000,192000,13,full_mesh,0.4,200,namespace_flood,namespace_flood,True,ghost_meadow,namespace_flood_good_regime_192000,12,19,25,71,94,25,11,0,0,159,1167605072,24299,97300422.66666667,48051.56887114696,94.4080965909091,180,0.024209253400481953,0.0,0.0,1.0,1.9770833333333335
19,50000,good_regime_192000,192000,13,full_mesh,0.4,200,namespace_flood,namespace_flood,True,local_only,namespace_flood_good_regime_192000,12,64,69,172,181,69,11,0,0,0,0,0,0.0,0.0,71.74545454545454,0,0.9269421487603331,0.0,,,
19,50000,good_regime_192000,192000,13,full_mesh,0.4,200,namespace_flood,namespace_flood,True,exact_gossip,namespace_flood_good_regime_192000,12,1,2,2,2,2,11,0,0,481,92045214,24295,7670434.5,3788.648446182342,95.0,495,0.0,0.0,,,
20,50000,good_regime_192000,192000,13,ring,0.7,300,stale_replay,replay_stale,True,ghost_meadow,stale_replay_good_regime_192000,12,,,,,,0,0,11,0,372268048,7749,31022337.333333332,48040.78564976126,20.742376893939397,0,0.0009141620394283752,0.0,0.0,1.0,1.9770833333333335
20,50000,good_regime_192000,192000,13,ring,0.7,300,stale_replay,replay_stale,True,local_only,stale_replay_good_regime_192000,12,64,69,172,181,69,0,11,0,36,0,0,0.0,0.0,95.0,74,7.045950413223138,0.0,,,
20,50000,good_regime_192000,192000,13,ring,0.7,300,stale_replay,replay_stale,True,exact_gossip,stale_replay_good_regime_192000,12,8,9,18,19,9,0,11,0,441,27105610,7747,2258800.8333333335,3498.8524590163934,95.0,459,0.0,0.0,,,
21,50137,negative_control_4096,4096,2,regional_mesh,0.15,200,benign_heavy,none,False,ghost_meadow,benign_heavy_negative_control_4096,12,22,23,92,94,23,12,0,0,219,3228160,3104,269013.3333333333,1040.0,79.81363932291667,0,1.235848499668969,0.0,0.005,1.0,13.57421875
21,50137,negative_control_4096,4096,2,regional_mesh,0.15,200,benign_heavy,none,False,local_only,benign_heavy_negative_control_4096,12,39,43,104,111,43,12,0,0,61,0,0,0.0,0.0,95.0,122,7.7755555555555445,0.0,,,
21,50137,negative_control_4096,4096,2,regional_mesh,0.15,200,benign_heavy,none,False,exact_gossip,benign_heavy_negative_control_4096,12,6,10,12,15,10,12,0,0,412,11467120,3104,955593.3333333334,3694.3041237113403,95.0,444,0.0,0.0,,,
22,50137,negative_control_4096,4096,2,partitioned_clusters,0.4,300,coordinated_bursty,distributed_campaign,True,ghost_meadow,coordinated_bursty_negative_control_4096,12,28,29,141,148,29,0,12,0,282,12891840,12396,1074320.0,1040.0,81.011962890625,18,0.00130385160446167,0.0,0.005,1.0,13.57421875
22,50137,negative_control_4096,4096,2,partitioned_clusters,0.4,300,coordinated_bursty,distributed_campaign,True,local_only,coordinated_bursty_negative_control_4096,12,63,69,168,178,69,0,12,0,42,0,0,0.0,0.0,95.0,78,8.196666666666664,0.0,,,
22,50137,negative_control_4096,4096,2,partitioned_clusters,0.4,300,coordinated_bursty,distributed_campaign,True,exact_gossip,coordinated_bursty_negative_control_4096,12,7,7,16,17,7,0,12,0,444,47061440,12396,3921786.6666666665,3796.5020974507906,95.0,461,0.0,0.0,,,
23,50137,negative_control_4096,4096,2,full_mesh,0.7,100,low_and_slow,distributed_campaign,True,ghost_meadow,low_and_slow_negative_control_4096,12,28,45,,,45,0,0,12,16,47973120,46128,3997760.0,1040.0,57.393391927083336,0,4.5531325870090015e-05,0.0,0.005,1.0,13.57421875
23,50137,negative_control_4096,4096,2,full_mesh,0.7,100,low_and_slow,distributed_campaign,True,local_only,low_and_slow_negative_control_4096,12,63,69,,,69,0,0,12,0,0,0,0.0,0.0,37.183333333333344,0,3.1163888888888867,0.0,,,
23,50137,negative_control_4096,4096,2,full_mesh,0.7,100,low_and_slow,distributed_campaign,True,exact_gossip,low_and_slow_negative_control_4096,12,6,6,16,16,6,0,12,0,370,163025520,46128,13585460.0,3534.1987513007284,95.0,407,0.0,0.0,,,
24,50137,negative_control_4096,4096,2,ring,0.15,200,poison_heavy,poison_flood,True,ghost_meadow,poison_heavy_negative_control_4096,12,38,43,154,161,43,11,0,0,159,1693640,1621,141136.66666666666,1044.8118445404073,71.94158380681819,0,4.27921941457701,0.0,0.005,1.0,13.57421875
24,50137,negative_control_4096,4096,2,ring,0.15,200,poison_heavy,poison_flood,True,local_only,poison_heavy_negative_control_4096,12,61,70,173,184,70,11,0,0,0,0,0,0.0,0.0,70.79999999999998,0,2.3299173553719013,0.0,,,
24,50137,negative_control_4096,4096,2,ring,0.15,200,poison_heavy,poison_flood,True,exact_gossip,poison_heavy_negative_control_4096,12,16,18,24,32,18,11,0,0,340,5007282,1639,417273.5,3055.083587553386,95.0,384,0.0,0.0,,,
25,50137,negative_control_4096,4096,2,star_sparse,0.4,300,collusion_3,coordinated_poison,True,ghost_meadow,collusion_3_negative_control_4096,12,31,32,144,145,32,2,0,0,268,2286440,2206,190536.66666666666,1036.4641885766093,83.17057291666667,43,0.017013078854407792,0.0,0.005,1.0,13.57421875
25,50137,negative_control_4096,4096,2,star_sparse,0.4,300,collusion_3,coordinated_poison,True,local_only,collusion_3_negative_control_4096,12,66,69,176,181,69,9,0,0,36,0,0,0.0,0.0,95.0,74,14.92444444444445,0.0,,,
25,50137,negative_control_4096,4096,2,star_sparse,0.4,300,collusion_3,coordinated_poison,True,exact_gossip,collusion_3_negative_control_4096,12,29,45,74,145,45,9,0,0,157,2125648,2184,177137.33333333334,973.2820512820513,95.0,230,0.0,0.0,,,
26,50137,negative_control_4096,4096,2,regional_mesh,0.7,100,namespace_flood,namespace_flood,True,ghost_meadow,namespace_flood_negative_control_4096,12,2,2,8,9,2,11,0,0,317,13416520,12920,1118043.3333333333,1038.4303405572755,100.0,425,0.0,0.0,0.005,1.0,13.57421875
26,50137,negative_control_4096,4096,2,regional_mesh,0.7,100,namespace_flood,namespace_flood,True,local_only,namespace_flood_negative_control_4096,12,61,70,,,70,0,0,0,0,0,0,0.0,0.0,36.38181818181818,0,2.3299173553719013,0.0,,,
26,50137,negative_control_4096,4096,2,regional_mesh,0.7,100,namespace_flood,namespace_flood,True,exact_gossip,namespace_flood_negative_control_4096,12,1,2,2,2,2,11,0,0,468,47424902,12905,3952075.1666666665,3674.924602867106,95.0,491,0.0,0.0,,,
27,50137,negative_control_4096,4096,2,partitioned_clusters,0.15,200,stale_replay,replay_stale,True,ghost_meadow,stale_replay_negative_control_4096,12,27,31,147,149,31,0,11,0,186,4412720,4233,367726.6666666667,1042.4568863690054,72.8515625,0,0.20082331885976237,0.0,0.005,1.0,13.57421875
27,50137,negative_control_4096,4096,2,partitioned_clusters,0.15,200,stale_replay,replay_stale,True,local_only,stale_replay_negative_control_4096,12,61,70,173,184,70,0,11,0,0,0,0,0.0,0.0,70.79999999999998,0,2.3299173553719013,0.0,,,
27,50137,negative_control_4096,4096,2,partitioned_clusters,0.15,200,stale_replay,replay_stale,True,exact_gossip,stale_replay_negative_control_4096,12,9,11,17,21,11,0,11,0,400,14287858,4254,1190654.8333333333,3358.6878232251997,95.0,432,0.0,0.0,,,
28,50137,good_regime_32768,32768,7,full_mesh,0.4,300,benign_heavy,none,False,ghost_meadow,benign_heavy_good_regime_32768,12,46,67,,,67,0,0,0,345,216748656,26407,18062388.0,8208.0,54.93621826171875,0,0.0005962404732902845,0.0,0.0,1.0,6.2530517578125
28,50137,good_regime_32768,32768,7,full_mesh,0.4,300,benign_heavy,none,False,local_only,benign_heavy_good_regime_32768,12,39,43,104,111,43,12,0,0,161,0,0,0.0,0.0,95.0,221,0.0,0.0,,,
28,50137,good_regime_32768,32768,7,full_mesh,0.4,300,benign_heavy,none,False,exact_gossip,benign_heavy_good_regime_32768,12,4,4,10,10,4,12,0,0,465,102809692,26407,8567474.333333334,3893.2742075964707,95.0,478,0.0,0.0,,,
29,50137,good_regime_32768,32768,7,ring,0.7,100,coordinated_bursty,distributed_campaign,True,ghost_meadow,coordinated_bursty_good_regime_32768,12,75,75,,,75,0,0,12,25,69045696,8412,5753808.0,8208.0,31.627400716145832,0,0.013084241396023164,0.0,0.0,1.0,6.2530517578125
29,50137,good_regime_32768,32768,7,ring,0.7,100,coordinated_bursty,distributed_campaign,True,local_only,coordinated_bursty_good_regime_32768,12,63,69,,,69,0,0,12,0,0,0,0.0,0.0,37.85000000000001,0,2.3163888888888926,0.0,,,
29,50137,good_regime_32768,32768,7,ring,0.7,100,coordinated_bursty,distributed_campaign,True,exact_gossip,coordinated_bursty_good_regime_32768,12,7,8,17,17,8,0,12,0,361,29240504,8412,2436708.6666666665,3476.0466000951023,95.0,400,0.0,0.0,,,
30,50137,good_regime_32768,32768,7,star_sparse,0.15,200,low_and_slow,distributed_campaign,True,ghost_meadow,low_and_slow_good_regime_32768,12,78,83,,,83,0,0,12,173,14618448,1781,1218204.0,8208.0,43.60071818033854,0,0.9666711169605454,0.0,0.0,1.0,6.2530517578125
30,50137,good_regime_32768,32768,7,star_sparse,0.15,200,low_and_slow,distributed_campaign,True,local_only,low_and_slow_good_regime_32768,12,63,69,168,180,69,0,12,0,0,0,0,0.0,0.0,71.96666666666665,0,3.1163888888888867,0.0,,,
30,50137,good_regime_32768,32768,7,star_sparse,0.15,200,low_and_slow,distributed_campaign,True,exact_gossip,low_and_slow_good_regime_32768,12,9,14,21,26,14,0,12,0,380,6341148,1781,528429.0,3560.442448062886,95.0,413,0.0,0.0,,,
31,50137,good_regime_32768,32768,7,regional_mesh,0.4,300,poison_heavy,poison_flood,True,ghost_meadow,poison_heavy_good_regime_32768,12,76,78,,,78,0,0,0,294,60443712,7341,5036976.0,8233.716387413158,51.28645463423295,0,0.004266073142201446,0.0,0.0,1.0,6.2530517578125
31,50137,good_regime_32768,32768,7,regional_mesh,0.4,300,poison_heavy,poison_flood,True,local_only,poison_heavy_good_regime_32768,12,61,70,173,184,70,11,0,0,32,0,0,0.0,0.0,95.0,72,2.735206611570244,0.0,,,
31,50137,good_regime_32768,32768,7,regional_mesh,0.4,300,poison_heavy,poison_flood,True,exact_gossip,poison_heavy_good_regime_32768,12,9,11,23,23,11,11,0,0,351,23634564,7352,1969547.0,3214.7121871599566,95.0,432,0.0,0.0,,,
32,50137,good_regime_32768,32768,7,partitioned_clusters,0.7,100,collusion_3,coordinated_poison,True,ghost_meadow,collusion_3_good_regime_32768,12,80,81,,,81,0,0,0,0,134914896,16429,11242908.0,8211.996834865178,29.871622721354168,0,0.011042266348261894,0.0,0.0,1.0,6.2530517578125
32,50137,good_regime_32768,32768,7,partitioned_clusters,0.7,100,collusion_3,coordinated_poison,True,local_only,collusion_3_good_regime_32768,12,66,69,,,69,0,0,0,0,0,0,0.0,0.0,36.888888888888886,0,8.969876543209885,0.0,,,
32,50137,good_regime_32768,32768,7,partitioned_clusters,0.7,100,collusion_3,coordinated_poison,True,exact_gossip,collusion_3_good_regime_32768,12,7,7,17,18,7,9,0,0,354,46591138,16410,3882594.8333333335,2839.19183424741,95.0,395,0.0,0.0,,,
33,50137,good_regime_32768,32768,7,full_mesh,0.15,200,namespace_flood,namespace_flood,True,ghost_meadow,namespace_flood_good_regime_32768,12,5,5,21,22,5,11,0,0,300,74479392,9077,6206616.0,8205.28720943043,99.993896484375,393,0.0027496336905424253,0.0,0.0,1.0,6.2530517578125
33,50137,good_regime_32768,32768,7,full_mesh,0.15,200,namespace_flood,namespace_flood,True,local_only,namespace_flood_good_regime_32768,12,61,70,173,184,70,11,0,0,0,0,0,0.0,0.0,70.79999999999998,0,2.3299173553719013,0.0,,,
33,50137,good_regime_32768,32768,7,full_mesh,0.15,200,namespace_flood,namespace_flood,True,exact_gossip,namespace_flood_good_regime_32768,12,1,2,2,4,2,11,0,0,477,34121580,9036,2843465.0,3776.1819389110224,95.0,491,0.0,0.0,,,
34,50137,good_regime_32768,32768,7,ring,0.4,300,stale_replay,replay_stale,True,ghost_meadow,stale_replay_good_regime_32768,12,79,80,,,80,0,0,11,286,35782776,4361,2981898.0,8205.17679431323,51.29616477272727,0,0.016343556652384354,0.0,0.0,1.0,6.2530517578125
34,50137,good_regime_32768,32768,7,ring,0.4,300,stale_replay,replay_stale,True,local_only,stale_replay_good_regime_32768,12,61,70,173,184,70,0,11,0,32,0,0,0.0,0.0,95.0,72,2.735206611570244,0.0,,,
34,50137,good_regime_32768,32768,7,ring,0.4,300,stale_replay,replay_stale,True,exact_gossip,stale_replay_good_regime_32768,12,9,13,20,22,13,0,11,0,436,15105196,4373,1258766.3333333333,3454.1952892750974,95.0,453,0.0,0.0,,,
35,50137,good_regime_192000,192000,13,star_sparse,0.7,100,benign_heavy,none,False,ghost_meadow,benign_heavy_good_regime_192000,12,,,,,,0,0,0,0,404102656,8416,33675221.333333336,48016.0,14.883940972222225,0,0.0006845639075761943,0.0,0.0,1.0,2.0343750000000003
35,50137,good_regime_192000,192000,13,star_sparse,0.7,100,benign_heavy,none,False,local_only,benign_heavy_good_regime_192000,12,39,43,,,43,0,0,0,0,0,0,0.0,0.0,59.199999999999996,0,7.7755555555555445,0.0,,,
35,50137,good_regime_192000,192000,13,star_sparse,0.7,100,benign_heavy,none,False,exact_gossip,benign_heavy_good_regime_192000,12,5,5,10,12,5,12,0,0,409,31196360,8416,2599696.6666666665,3706.791825095057,95.0,442,0.0,0.0,,,
36,50137,good_regime_192000,192000,13,regional_mesh,0.15,200,coordinated_bursty,distributed_campaign,True,ghost_meadow,coordinated_bursty_good_regime_192000,12,,,,,,0,0,12,0,149041664,3104,12420138.666666666,48016.0,17.063671875,0,0.09935059158890348,0.0,0.0,1.0,2.0343750000000003
36,50137,good_regime_192000,192000,13,regional_mesh,0.15,200,coordinated_bursty,distributed_campaign,True,local_only,coordinated_bursty_good_regime_192000,12,63,69,168,178,69,0,12,0,0,0,0,0.0,0.0,73.05000000000001,0,2.3163888888888926,0.0,,,
36,50137,good_regime_192000,192000,13,regional_mesh,0.15,200,coordinated_bursty,distributed_campaign,True,exact_gossip,coordinated_bursty_good_regime_192000,12,9,10,22,23,10,0,12,0,393,11105872,3104,925489.3333333334,3577.922680412371,95.0,424,0.0,0.0,,,
37,50137,good_regime_192000,192000,13,partitioned_clusters,0.4,300,low_and_slow,distributed_campaign,True,ghost_meadow,low_and_slow_good_regime_192000,12,,,,,,0,0,12,0,595206336,12396,49600528.0,48016.0,20.269835069444436,0,0.0008428032015576721,0.0,0.0,1.0,2.0343750000000003
37,50137,good_regime_192000,192000,13,partitioned_clusters,0.4,300,low_and_slow,distributed_campaign,True,local_only,low_and_slow_good_regime_192000,12,63,69,168,180,69,0,12,0,40,0,0,0.0,0.0,95.0,76,8.152222222222212,0.0,,,
37,50137,good_regime_192000,192000,13,partitioned_clusters,0.4,300,low_and_slow,distributed_campaign,True,exact_gossip,low_and_slow_good_regime_192000,12,7,7,16,17,7,0,12,0,443,47027776,12396,3918981.3333333335,3793.7863827040983,95.0,460,0.0,0.0,,,
38,50137,good_regime_192000,192000,13,full_mesh,0.7,100,poison_heavy,poison_flood,True,ghost_meadow,poison_heavy_good_regime_192000,12,,,,,,0,0,0,0,2028988104,42270,169082342.0,48000.664868701206,11.04474431818182,0,0.0,0.0,0.0,1.0,2.0343750000000003
38,50137,good_regime_192000,192000,13,full_mesh,0.7,100,poison_heavy,poison_flood,True,local_only,poison_heavy_good_regime_192000,12,61,70,,,70,0,0,0,0,0,0,0.0,0.0,36.38181818181818,0,2.3299173553719013,0.0,,,
38,50137,good_regime_192000,192000,13,full_mesh,0.7,100,poison_heavy,poison_flood,True,exact_gossip,poison_heavy_good_regime_192000,12,6,6,16,16,6,11,0,0,366,135692416,42274,11307701.333333334,3209.8314803425274,95.0,403,0.0,0.0,,,
39,50137,good_regime_192000,192000,13,ring,0.15,200,collusion_3,coordinated_poison,True,ghost_meadow,collusion_3_good_regime_192000,12,,,,,,0,0,0,0,63141040,1325,5261753.333333333,47653.61509433962,16.870312499999997,0,0.24074207363468783,0.0,0.0,1.0,2.0343750000000003
39,50137,good_regime_192000,192000,13,ring,0.15,200,collusion_3,coordinated_poison,True,local_only,collusion_3_good_regime_192000,12,66,69,176,181,69,9,0,0,0,0,0,0.0,0.0,71.15555555555555,0,8.969876543209885,0.0,,,
39,50137,good_regime_192000,192000,13,ring,0.15,200,collusion_3,coordinated_poison,True,exact_gossip,collusion_3_good_regime_192000,12,16,22,25,34,22,9,0,0,324,4017766,1349,334813.8333333333,2978.329132690882,95.0,367,0.0,0.0,,,
40,50137,good_regime_192000,192000,13,star_sparse,0.4,300,namespace_flood,namespace_flood,True,ghost_meadow,namespace_flood_good_regime_192000,12,18,18,71,72,18,2,0,0,258,124361440,2583,10363453.333333334,48146.12466124661,98.60847537878789,276,0.010124491541838676,0.0,0.0,1.0,2.0343750000000003
40,50137,good_regime_192000,192000,13,star_sparse,0.4,300,namespace_flood,namespace_flood,True,local_only,namespace_flood_good_regime_192000,12,61,70,173,184,70,11,0,0,32,0,0,0.0,0.0,95.0,72,2.735206611570244,0.0,,,
40,50137,good_regime_192000,192000,13,star_sparse,0.4,300,namespace_flood,namespace_flood,True,exact_gossip,namespace_flood_good_regime_192000,12,1,2,2,5,2,11,0,0,474,5999002,2596,499916.8333333333,2310.8636363636365,95.0,490,0.0,0.0,,,
41,50137,good_regime_192000,192000,13,regional_mesh,0.7,100,stale_replay,replay_stale,True,ghost_meadow,stale_replay_good_regime_192000,12,,,,,,0,0,11,0,619430408,12920,51619200.666666664,47943.53003095975,11.300568181818184,0,0.0015660690713957955,0.0,0.0,1.0,2.0343750000000003
41,50137,good_regime_192000,192000,13,regional_mesh,0.7,100,stale_replay,replay_stale,True,local_only,stale_replay_good_regime_192000,12,61,70,,,70,0,0,11,0,0,0,0.0,0.0,36.38181818181818,0,2.3299173553719013,0.0,,,
41,50137,good_regime_192000,192000,13,regional_mesh,0.7,100,stale_replay,replay_stale,True,exact_gossip,stale_replay_good_regime_192000,12,8,10,22,23,10,0,11,0,148,37146826,12905,3095568.8333333335,2878.483223556761,95.0,357,0.0,0.0,,,
42,50274,negative_control_4096,4096,2,full_mesh,0.15,300,benign_heavy,none,False,ghost_meadow,benign_heavy_negative_control_4096,12,16,17,84,85,17,12,0,0,305,10208640,9816,850720.0,1040.0,84.0576171875,117,0.0038743019104003906,0.0,0.025,1.0,13.623046875
42,50274,negative_control_4096,4096,2,full_mesh,0.15,300,benign_heavy,none,False,local_only,benign_heavy_negative_control_4096,12,40,42,102,112,42,12,0,0,162,0,0,0.0,0.0,95.0,224,0.0,0.0,,,
42,50274,negative_control_4096,4096,2,full_mesh,0.15,300,benign_heavy,none,False,exact_gossip,benign_heavy_negative_control_4096,12,5,5,10,10,5,12,0,0,462,38006744,9816,3167228.6666666665,3871.917685411573,95.0,476,0.0,0.0,,,
43,50274,negative_control_4096,4096,2,ring,0.4,100,coordinated_bursty,distributed_campaign,True,ghost_meadow,coordinated_bursty_negative_control_4096,12,29,31,,,31,0,0,12,25,4922320,4733,410193.3333333333,1040.0,56.89697265625,0,0.46218021048439867,0.0,0.025,1.0,13.623046875
43,50274,negative_control_4096,4096,2,ring,0.4,100,coordinated_bursty,distributed_campaign,True,local_only,coordinated_bursty_negative_control_4096,12,59,72,,,72,0,0,12,0,0,0,0.0,0.0,38.06666666666667,0,5.489722222222226,0.0,,,
43,50274,negative_control_4096,4096,2,ring,0.4,100,coordinated_bursty,distributed_campaign,True,exact_gossip,coordinated_bursty_negative_control_4096,12,9,11,17,19,11,0,12,0,337,16058996,4733,1338249.6666666667,3392.9845763786184,95.0,386,0.0,0.0,,,
44,50274,negative_control_4096,4096,2,star_sparse,0.7,200,low_and_slow,distributed_campaign,True,ghost_meadow,low_and_slow_negative_control_4096,12,27,28,,,28,0,0,12,181,7986160,7679,665513.3333333334,1040.0,73.89729817708333,0,0.01751714282565647,0.0,0.025,1.0,13.623046875
44,50274,negative_control_4096,4096,2,star_sparse,0.7,200,low_and_slow,distributed_campaign,True,local_only,low_and_slow_negative_control_4096,12,58,71,164,181,71,0,12,0,0,0,0,0.0,0.0,72.30000000000001,0,5.156388888888892,0.0,,,
44,50274,negative_control_4096,4096,2,star_sparse,0.7,200,low_and_slow,distributed_campaign,True,exact_gossip,low_and_slow_negative_control_4096,12,7,7,16,19,7,0,12,0,414,28460948,7679,2371745.6666666665,3706.3351998958196,95.0,443,0.0,0.0,,,
45,50274,negative_control_4096,4096,2,regional_mesh,0.15,300,poison_heavy,poison_flood,True,ghost_meadow,poison_heavy_negative_control_4096,12,32,35,141,151,35,11,0,0,263,2775240,2679,231270.0,1035.9238521836505,81.14568536931819,20,0.22329574774119482,0.0,0.025,1.0,13.623046875
45,50274,negative_control_4096,4096,2,regional_mesh,0.15,300,poison_heavy,poison_flood,True,local_only,poison_heavy_negative_control_4096,12,63,68,174,181,68,11,0,0,32,0,0,0.0,0.0,95.0,73,3.535206611570251,0.0,,,
45,50274,negative_control_4096,4096,2,regional_mesh,0.15,300,poison_heavy,poison_flood,True,exact_gossip,poison_heavy_negative_control_4096,12,12,16,25,28,16,11,0,0,364,8427622,2657,702301.8333333334,3171.856228829507,95.0,424,0.0,0.0,,,
46,50274,negative_control_4096,4096,2,partitioned_clusters,0.4,100,collusion_3,coordinated_poison,True,ghost_meadow,collusion_3_negative_control_4096,12,31,32,,,32,0,0,0,14,9696440,9318,808036.6666666666,1040.6138656364026,55.710177951388886,0,0.07020102606879342,0.0,0.025,1.0,13.623046875
46,50274,negative_control_4096,4096,2,partitioned_clusters,0.4,100,collusion_3,coordinated_poison,True,local_only,collusion_3_negative_control_4096,12,63,68,,,68,0,0,0,0,0,0,0.0,0.0,36.64444444444444,0,1.4232098765432122,0.0,,,
46,50274,negative_control_4096,4096,2,partitioned_clusters,0.4,100,collusion_3,coordinated_poison,True,exact_gossip,collusion_3_negative_control_4096,12,7,7,18,18,7,9,0,0,342,26235234,9326,2186269.5,2813.128243619987,95.0,390,0.0,0.0,,,
47,50274,negative_control_4096,4096,2,full_mesh,0.7,200,namespace_flood,namespace_flood,True,ghost_meadow,namespace_flood_negative_control_4096,12,2,2,9,11,2,11,0,0,391,43794400,42107,3649533.3333333335,1040.074096943501,100.0,458,0.0,0.0,0.025,1.0,13.623046875
47,50274,negative_control_4096,4096,2,full_mesh,0.7,200,namespace_flood,namespace_flood,True,local_only,namespace_flood_negative_control_4096,12,63,68,174,181,68,11,0,0,0,0,0,0.0,0.0,70.89090909090909,0,1.4214876033057864,0.0,,,
47,50274,negative_control_4096,4096,2,full_mesh,0.7,200,namespace_flood,namespace_flood,True,exact_gossip,namespace_flood_negative_control_4096,12,1,1,2,2,1,11,0,0,482,159690470,42091,13307539.166666666,3793.93385759426,95.0,495,0.0,0.0,,,
48,50274,negative_control_4096,4096,2,ring,0.15,300,stale_replay,replay_stale,True,ghost_meadow,stale_replay_negative_control_4096,12,39,44,144,152,44,0,11,0,246,1631240,1566,135936.66666666666,1041.6602809706258,80.73508522727273,11,0.264142170425289,0.0,0.025,1.0,13.623046875
48,50274,negative_control_4096,4096,2,ring,0.15,300,stale_replay,replay_stale,True,local_only,stale_replay_negative_control_4096,12,63,68,174,181,68,0,11,0,32,0,0,0.0,0.0,95.0,73,3.535206611570251,0.0,,,
48,50274,negative_control_4096,4096,2,ring,0.15,300,stale_replay,replay_stale,True,exact_gossip,stale_replay_negative_control_4096,12,15,19,29,37,19,0,11,0,391,5116964,1569,426413.6666666667,3261.2899936265135,95.0,422,0.0,0.0,,,
49,50274,good_regime_32768,32768,7,star_sparse,0.4,100,benign_heavy,none,False,ghost_meadow,benign_heavy_good_regime_32768,12,44,47,,,47,0,0,0,84,35532432,4329,2961036.0,8208.0,39.507548014322914,0,0.11868535592738126,0.0,0.0,1.0,6.201171875
49,50274,good_regime_32768,32768,7,star_sparse,0.4,100,benign_heavy,none,False,local_only,benign_heavy_good_regime_32768,12,40,42,,,42,0,0,0,0,0,0,0.0,0.0,59.133333333333326,0,4.293333333333331,0.0,,,
49,50274,good_regime_32768,32768,7,star_sparse,0.4,100,benign_heavy,none,False,exact_gossip,benign_heavy_good_regime_32768,12,5,6,11,14,6,12,0,0,390,15731060,4329,1310921.6666666667,3633.878493878494,95.0,434,0.0,0.0,,,
50,50274,good_regime_32768,32768,7,regional_mesh,0.7,200,coordinated_bursty,distributed_campaign,True,ghost_meadow,coordinated_bursty_good_regime_32768,12,74,78,,,78,0,0,12,217,120493440,14680,10041120.0,8208.0,45.171356201171875,0,0.0041185153855217834,0.0,0.0,1.0,6.201171875
50,50274,good_regime_32768,32768,7,regional_mesh,0.7,200,coordinated_bursty,distributed_campaign,True,local_only,coordinated_bursty_good_regime_32768,12,59,72,166,178,72,0,12,0,0,0,0,0.0,0.0,73.63333333333334,0,5.489722222222226,0.0,,,
50,50274,good_regime_32768,32768,7,regional_mesh,0.7,200,coordinated_bursty,distributed_campaign,True,exact_gossip,coordinated_bursty_good_regime_32768,12,6,7,15,16,7,0,12,0,422,54473264,14680,4539438.666666667,3710.7128065395095,95.0,444,0.0,0.0,,,
51,50274,good_regime_32768,32768,7,partitioned_clusters,0.15,300,low_and_slow,distributed_campaign,True,ghost_meadow,low_and_slow_good_regime_32768,12,73,74,,,74,0,0,12,281,37042704,4513,3086892.0,8208.0,50.973002115885414,0,0.007667048420343134,0.0,0.0,1.0,6.201171875
51,50274,good_regime_32768,32768,7,partitioned_clusters,0.15,300,low_and_slow,distributed_campaign,True,local_only,low_and_slow_good_regime_32768,12,58,71,164,181,71,0,12,0,40,0,0,0.0,0.0,95.0,78,10.91555555555555,0.0,,,
51,50274,good_regime_32768,32768,7,partitioned_clusters,0.15,300,low_and_slow,distributed_campaign,True,exact_gossip,low_and_slow_good_regime_32768,12,9,10,17,20,10,0,12,0,429,16829692,4513,1402474.3333333333,3729.158431198759,95.0,452,0.0,0.0,,,
52,50274,good_regime_32768,32768,7,full_mesh,0.4,100,poison_heavy,poison_flood,True,ghost_meadow,poison_heavy_good_regime_32768,12,76,83,,,83,0,0,0,7,196721136,23923,16393428.0,8223.09643439368,30.820534446022727,0,0.002313528425437359,0.0,0.0,1.0,6.201171875
52,50274,good_regime_32768,32768,7,full_mesh,0.4,100,poison_heavy,poison_flood,True,local_only,poison_heavy_good_regime_32768,12,63,68,,,68,0,0,0,0,0,0,0.0,0.0,36.54545454545455,0,1.4214876033057864,0.0,,,
52,50274,good_regime_32768,32768,7,full_mesh,0.4,100,poison_heavy,poison_flood,True,exact_gossip,poison_heavy_good_regime_32768,12,6,7,16,16,7,11,0,0,365,77035992,23973,6419666.0,3213.4481291452885,95.0,403,0.0,0.0,,,
53,50274,good_regime_32768,32768,7,ring,0.7,200,collusion_3,coordinated_poison,True,ghost_meadow,collusion_3_good_regime_32768,12,78,79,,,79,0,0,0,188,51509304,6284,4292442.0,8196.897517504774,45.55291069878472,0,0.013552698088280949,0.0,0.0,1.0,6.201171875
53,50274,good_regime_32768,32768,7,ring,0.7,200,collusion_3,coordinated_poison,True,local_only,collusion_3_good_regime_32768,12,63,68,174,179,68,9,0,0,0,0,0,0.0,0.0,71.71111111111111,0,1.4232098765432122,0.0,,,
53,50274,good_regime_32768,32768,7,ring,0.7,200,collusion_3,coordinated_poison,True,exact_gossip,collusion_3_good_regime_32768,12,8,10,19,20,10,9,0,0,400,20405582,6278,1700465.1666666667,3250.331634278433,95.0,429,0.0,0.0,,,
54,50274,good_regime_32768,32768,7,star_sparse,0.15,300,namespace_flood,namespace_flood,True,ghost_meadow,namespace_flood_good_regime_32768,12,6,12,,,12,0,0,0,367,6439176,808,536598.0,7969.277227722772,100.0,420,2.386033042403292e-05,0.0,0.0,1.0,6.201171875
54,50274,good_regime_32768,32768,7,star_sparse,0.15,300,namespace_flood,namespace_flood,True,local_only,namespace_flood_good_regime_32768,12,63,68,174,181,68,11,0,0,32,0,0,0.0,0.0,95.0,73,3.535206611570251,0.0,,,
54,50274,good_regime_32768,32768,7,star_sparse,0.15,300,namespace_flood,namespace_flood,True,exact_gossip,namespace_flood_good_regime_32768,12,2,9,2,9,9,11,0,0,462,1569170,785,130764.16666666667,1998.9426751592357,95.0,475,0.0,0.0,,,
55,50274,good_regime_32768,32768,7,regional_mesh,0.4,100,stale_replay,replay_stale,True,ghost_meadow,stale_replay_good_regime_32768,12,76,77,,,77,0,0,11,11,60098976,7319,5008248.0,8211.364394042903,31.21060458096591,0,0.0076340742347654235,0.0,0.0,1.0,6.201171875
55,50274,good_regime_32768,32768,7,regional_mesh,0.4,100,stale_replay,replay_stale,True,local_only,stale_replay_good_regime_32768,12,63,68,,,68,0,0,11,0,0,0,0.0,0.0,36.54545454545455,0,1.4214876033057864,0.0,,,
55,50274,good_regime_32768,32768,7,regional_mesh,0.4,100,stale_replay,replay_stale,True,exact_gossip,stale_replay_good_regime_32768,12,9,10,21,23,10,0,11,0,162,20776888,7310,1731407.3333333333,2842.255540355677,95.0,348,0.0,0.0,,,
56,50274,good_regime_192000,192000,13,partitioned_clusters,0.7,200,benign_heavy,none,False,ghost_meadow,benign_heavy_good_regime_192000,12,,,,,,0,0,0,0,1035128928,21558,86260744.0,48016.0,20.31918402777778,0,0.005275537938247452,0.0,0.0,1.0,2.0140625
56,50274,good_regime_192000,192000,13,partitioned_clusters,0.7,200,benign_heavy,none,False,local_only,benign_heavy_good_regime_192000,12,40,42,102,112,42,12,0,0,60,0,0,0.0,0.0,95.0,123,4.293333333333331,0.0,,,
56,50274,good_regime_192000,192000,13,partitioned_clusters,0.7,200,benign_heavy,none,False,exact_gossip,benign_heavy_good_regime_192000,12,4,5,9,10,5,12,0,0,446,82266304,21558,6855525.333333333,3816.0452732164395,95.0,465,0.0,0.0,,,
57,50274,good_regime_192000,192000,13,full_mesh,0.15,300,coordinated_bursty,distributed_campaign,True,ghost_meadow,coordinated_bursty_good_regime_192000,12,,,,,,0,0,12,0,471325056,9816,39277088.0,48016.0,20.949045138888888,0,0.0009907644766348315,0.0,0.0,1.0,2.0140625
57,50274,good_regime_192000,192000,13,full_mesh,0.15,300,coordinated_bursty,distributed_campaign,True,local_only,coordinated_bursty_good_regime_192000,12,59,72,166,178,72,0,12,0,42,0,0,0.0,0.0,95.0,80,13.982222222222218,0.0,,,
57,50274,good_regime_192000,192000,13,full_mesh,0.15,300,coordinated_bursty,distributed_campaign,True,exact_gossip,coordinated_bursty_good_regime_192000,12,6,7,16,17,7,0,12,0,446,37364360,9816,3113696.6666666665,3806.475142624287,95.0,462,0.0,0.0,,,
58,50274,good_regime_192000,192000,13,ring,0.4,100,low_and_slow,distributed_campaign,True,ghost_meadow,low_and_slow_good_regime_192000,12,,,,,,0,0,12,0,227259728,4733,18938310.666666668,48016.0,10.932595486111111,0,0.03714876904899685,0.0,0.0,1.0,2.0140625
58,50274,good_regime_192000,192000,13,ring,0.4,100,low_and_slow,distributed_campaign,True,local_only,low_and_slow_good_regime_192000,12,58,71,,,71,0,0,12,0,0,0,0.0,0.0,37.4,0,5.156388888888892,0.0,,,
58,50274,good_regime_192000,192000,13,ring,0.4,100,low_and_slow,distributed_campaign,True,exact_gossip,low_and_slow_good_regime_192000,12,9,11,17,19,11,0,12,0,336,16010652,4733,1334221.0,3382.7703359391508,95.0,382,0.0,0.0,,,
59,50274,good_regime_192000,192000,13,star_sparse,0.7,200,poison_heavy,poison_flood,True,ghost_meadow,poison_heavy_good_regime_192000,12,,,,,,0,0,0,0,184357432,3842,15363119.333333334,47984.75585632483,16.967092803030305,0,0.0017865578727616945,0.0,0.0,1.0,2.0140625
59,50274,good_regime_192000,192000,13,star_sparse,0.7,200,poison_heavy,poison_flood,True,local_only,poison_heavy_good_regime_192000,12,63,68,174,181,68,11,0,0,0,0,0,0.0,0.0,70.89090909090909,0,1.4214876033057864,0.0,,,
59,50274,good_regime_192000,192000,13,star_sparse,0.7,200,poison_heavy,poison_flood,True,exact_gossip,poison_heavy_good_regime_192000,12,41,45,140,144,45,11,0,0,51,1371290,3791,114274.16666666667,361.7225006594566,95.0,113,1.7315702479338788,0.0,,,
60,50274,good_regime_192000,192000,13,regional_mesh,0.15,300,collusion_3,coordinated_poison,True,ghost_meadow,collusion_3_good_regime_192000,12,,,,,,0,0,0,0,106643536,2236,8886961.333333334,47693.88908765653,22.155671296296298,0,0.03613679778592225,0.0,0.0,1.0,2.0140625
60,50274,good_regime_192000,192000,13,regional_mesh,0.15,300,collusion_3,coordinated_poison,True,local_only,collusion_3_good_regime_192000,12,63,68,174,179,68,9,0,0,35,0,0,0.0,0.0,95.0,75,1.1288888888888933,0.0,,,
60,50274,good_regime_192000,192000,13,regional_mesh,0.15,300,collusion_3,coordinated_poison,True,exact_gossip,collusion_3_good_regime_192000,12,9,16,26,37,16,9,0,0,403,6993108,2237,582759.0,3126.1099687080914,95.0,427,0.0,0.0,,,
61,50274,good_regime_192000,192000,13,partitioned_clusters,0.4,100,namespace_flood,namespace_flood,True,ghost_meadow,namespace_flood_good_regime_192000,12,18,19,72,74,19,11,0,0,16,541140320,11275,45095026.666666664,47994.70687361419,76.8136837121212,0,0.18931600271177879,0.0,0.0,1.0,2.0140625
61,50274,good_regime_192000,192000,13,partitioned_clusters,0.4,100,namespace_flood,namespace_flood,True,local_only,namespace_flood_good_regime_192000,12,63,68,,,68,0,0,0,0,0,0,0.0,0.0,36.54545454545455,0,1.4214876033057864,0.0,,,
61,50274,good_regime_192000,192000,13,partitioned_clusters,0.4,100,namespace_flood,namespace_flood,True,exact_gossip,namespace_flood_good_regime_192000,12,2,3,2,3,3,11,0,0,463,42313474,11293,3526122.8333333335,3746.876295050031,95.0,488,0.0,0.0,,,
62,50274,good_regime_192000,192000,13,full_mesh,0.7,200,stale_replay,replay_stale,True,ghost_meadow,stale_replay_good_regime_192000,12,,,,,,0,0,11,0,2021953760,42107,168496146.66666666,48019.4209988838,17.26595643939394,0,1.291322314049808e-05,0.0,0.0,1.0,2.0140625
62,50274,good_regime_192000,192000,13,full_mesh,0.7,200,stale_replay,replay_stale,True,local_only,stale_replay_good_regime_192000,12,63,68,174,181,68,0,11,0,0,0,0,0.0,0.0,70.89090909090909,0,1.4214876033057864,0.0,,,
62,50274,good_regime_192000,192000,13,full_mesh,0.7,200,stale_replay,replay_stale,True,exact_gossip,stale_replay_good_regime_192000,12,6,6,16,16,6,0,11,0,424,145146622,42091,12095551.833333334,3448.4004181416453,95.0,446,0.0,0.0,,,
63,50411,negative_control_4096,4096,2,star_sparse,0.15,100,benign_heavy,none,False,ghost_meadow,benign_heavy_negative_control_4096,12,21,23,85,90,23,5,0,0,42,1971840,1896,164320.0,1040.0,66.6015625,0,0.3393822246127658,0.0,0.015,1.0,13.8671875
63,50411,negative_control_4096,4096,2,star_sparse,0.15,100,benign_heavy,none,False,local_only,benign_heavy_negative_control_4096,12,38,43,,,43,0,0,0,0,0,0,0.0,0.0,58.31666666666666,0,4.848888888888878,0.0,,,
63,50411,negative_control_4096,4096,2,star_sparse,0.15,100,benign_heavy,none,False,exact_gossip,benign_heavy_negative_control_4096,12,5,8,13,17,8,12,0,0,339,6594920,1896,549576.6666666666,3478.3333333333335,95.0,400,0.0,0.0,,,
64,50411,negative_control_4096,4096,2,regional_mesh,0.4,200,coordinated_bursty,distributed_campaign,True,ghost_meadow,coordinated_bursty_negative_control_4096,12,28,30,135,150,30,0,12,0,173,8764080,8427,730340.0,1040.0,74.62972005208333,0,0.06650471025043063,0.0,0.015,1.0,13.8671875
64,50411,negative_control_4096,4096,2,regional_mesh,0.4,200,coordinated_bursty,distributed_campaign,True,local_only,coordinated_bursty_negative_control_4096,12,62,70,171,178,70,0,12,0,0,0,0,0.0,0.0,72.89999999999999,0,6.943333333333331,0.0,,,
64,50411,negative_control_4096,4096,2,regional_mesh,0.4,200,coordinated_bursty,distributed_campaign,True,exact_gossip,coordinated_bursty_negative_control_4096,12,6,8,16,17,8,0,12,0,416,31101052,8427,2591754.3333333335,3690.6434080930344,95.0,441,0.0,0.0,,,
65,50411,negative_control_4096,4096,2,partitioned_clusters,0.7,300,low_and_slow,distributed_campaign,True,ghost_meadow,low_and_slow_negative_control_4096,12,28,45,137,214,45,0,12,0,282,22540960,21674,1878413.3333333333,1040.0,80.34871419270833,10,0.0041185153855217834,0.0,0.015,1.0,13.8671875
65,50411,negative_control_4096,4096,2,partitioned_clusters,0.7,300,low_and_slow,distributed_campaign,True,local_only,low_and_slow_negative_control_4096,12,62,68,172,181,68,0,12,0,36,0,0,0.0,0.0,95.0,75,11.723055555555552,0.0,,,
65,50411,negative_control_4096,4096,2,partitioned_clusters,0.7,300,low_and_slow,distributed_campaign,True,exact_gossip,low_and_slow_negative_control_4096,12,6,6,16,16,6,0,12,0,447,82575104,21674,6881258.666666667,3809.86915197933,95.0,461,0.0,0.0,,,
66,50411,negative_control_4096,4096,2,full_mesh,0.15,100,poison_heavy,poison_flood,True,ghost_meadow,poison_heavy_negative_control_4096,12,29,29,,,29,0,0,0,10,9455160,9067,787930.0,1042.8101908018089,56.13458806818182,0,0.009546595171463388,0.0,0.015,1.0,13.8671875
66,50411,negative_control_4096,4096,2,full_mesh,0.15,100,poison_heavy,poison_flood,True,local_only,poison_heavy_negative_control_4096,12,64,70,,,70,0,0,0,0,0,0,0.0,0.0,36.36363636363637,0,4.487272727272726,0.0,,,
66,50411,negative_control_4096,4096,2,full_mesh,0.15,100,poison_heavy,poison_flood,True,exact_gossip,poison_heavy_negative_control_4096,12,7,8,16,17,8,11,0,0,357,28828220,9079,2402351.6666666665,3175.2637955722,95.0,399,0.0,0.0,,,
67,50411,negative_control_4096,4096,2,ring,0.4,200,collusion_3,coordinated_poison,True,ghost_meadow,collusion_3_negative_control_4096,12,32,34,143,147,34,9,0,0,154,3693040,3579,307753.3333333333,1031.8636490639844,74.96473524305556,0,0.6393297218982084,0.0,0.015,1.0,13.8671875
67,50411,negative_control_4096,4096,2,ring,0.4,200,collusion_3,coordinated_poison,True,local_only,collusion_3_negative_control_4096,12,65,69,177,183,69,9,0,0,0,0,0,0.0,0.0,70.53333333333333,0,3.7965432098765444,0.0,,,
67,50411,negative_control_4096,4096,2,ring,0.4,200,collusion_3,coordinated_poison,True,exact_gossip,collusion_3_negative_control_4096,12,11,13,20,23,13,9,0,0,388,11207278,3534,933939.8333333334,3171.272778720996,95.0,416,0.0,0.0,,,
68,50411,negative_control_4096,4096,2,star_sparse,0.7,300,namespace_flood,namespace_flood,True,ghost_meadow,namespace_flood_negative_control_4096,12,2,2,8,9,2,4,0,0,425,5427760,5283,452313.3333333333,1027.4010978610638,100.0,470,0.0,0.0,0.015,1.0,13.8671875
68,50411,negative_control_4096,4096,2,star_sparse,0.7,300,namespace_flood,namespace_flood,True,local_only,namespace_flood_negative_control_4096,12,64,70,166,182,70,11,0,0,33,0,0,0.0,0.0,95.0,73,5.5114049586776765,0.0,,,
68,50411,negative_control_4096,4096,2,star_sparse,0.7,300,namespace_flood,namespace_flood,True,exact_gossip,namespace_flood_negative_control_4096,12,1,1,2,2,1,11,0,0,485,13102374,5205,1091864.5,2517.2668587896255,95.0,496,0.0,0.0,,,
69,50411,negative_control_4096,4096,2,regional_mesh,0.15,100,stale_replay,replay_stale,True,ghost_meadow,stale_replay_negative_control_4096,12,31,36,,,36,0,0,11,38,2909400,2808,242450.0,1036.111111111111,55.84161931818182,0,0.08477652368466713,0.0,0.015,1.0,13.8671875
69,50411,negative_control_4096,4096,2,regional_mesh,0.15,100,stale_replay,replay_stale,True,local_only,stale_replay_negative_control_4096,12,64,70,,,70,0,0,11,0,0,0,0.0,0.0,36.36363636363637,0,4.487272727272726,0.0,,,
69,50411,negative_control_4096,4096,2,regional_mesh,0.15,100,stale_replay,replay_stale,True,exact_gossip,stale_replay_negative_control_4096,12,11,16,27,37,16,0,11,0,181,7607740,2794,633978.3333333334,2722.8847530422336,95.0,323,0.0,0.0,,,
70,50411,good_regime_32768,32768,7,partitioned_clusters,0.4,200,benign_heavy,none,False,ghost_meadow,benign_heavy_good_regime_32768,12,44,46,,,46,0,0,0,265,102567168,12496,8547264.0,8208.0,50.318400065104164,0,0.0028464839690261422,0.0,0.0,1.0,6.2042236328125
70,50411,good_regime_32768,32768,7,partitioned_clusters,0.4,200,benign_heavy,none,False,local_only,benign_heavy_good_regime_32768,12,38,43,108,114,43,12,0,0,61,0,0,0.0,0.0,95.0,121,4.848888888888878,0.0,,,
70,50411,good_regime_32768,32768,7,partitioned_clusters,0.4,200,benign_heavy,none,False,exact_gossip,benign_heavy_good_regime_32768,12,5,6,10,12,6,12,0,0,440,47403104,12496,3950258.6666666665,3793.462227912932,95.0,462,0.0,0.0,,,
71,50411,good_regime_32768,32768,7,full_mesh,0.7,300,coordinated_bursty,distributed_campaign,True,ghost_meadow,coordinated_bursty_good_regime_32768,12,73,122,,,122,0,0,12,311,379209600,46200,31600800.0,8208.0,51.817830403645836,0,0.00013943968547715075,0.0,0.0,1.0,6.2042236328125
71,50411,good_regime_32768,32768,7,full_mesh,0.7,300,coordinated_bursty,distributed_campaign,True,local_only,coordinated_bursty_good_regime_32768,12,62,70,171,178,70,0,12,0,36,0,0,0.0,0.0,95.0,78,13.989722222222229,0.0,,,
71,50411,good_regime_32768,32768,7,full_mesh,0.7,300,coordinated_bursty,distributed_campaign,True,exact_gossip,coordinated_bursty_good_regime_32768,12,6,6,16,16,6,0,12,0,449,176690120,46200,14724176.666666666,3824.4614718614716,95.0,464,0.0,0.0,,,
72,50411,good_regime_32768,32768,7,ring,0.15,100,low_and_slow,distributed_campaign,True,ghost_meadow,low_and_slow_good_regime_32768,12,77,86,,,86,0,0,12,0,14273712,1739,1189476.0,8208.0,28.040568033854168,0,1.3894951876459851,0.0,0.0,1.0,6.2042236328125
72,50411,good_regime_32768,32768,7,ring,0.15,100,low_and_slow,distributed_campaign,True,local_only,low_and_slow_good_regime_32768,12,62,68,,,68,0,0,12,0,0,0,0.0,0.0,36.733333333333334,0,5.298888888888886,0.0,,,
72,50411,good_regime_32768,32768,7,ring,0.15,100,low_and_slow,distributed_campaign,True,exact_gossip,low_and_slow_good_regime_32768,12,13,16,22,26,16,0,12,0,261,5214436,1739,434536.3333333333,2998.5255894192064,95.0,329,0.0,0.0,,,
73,50411,good_regime_32768,32768,7,star_sparse,0.4,200,poison_heavy,poison_flood,True,ghost_meadow,poison_heavy_good_regime_32768,12,75,76,,,76,0,0,0,196,24299784,3058,2024982.0,7946.299542184434,43.53804154829545,0,0.17604105605566797,0.0,0.0,1.0,6.2042236328125
73,50411,good_regime_32768,32768,7,star_sparse,0.4,200,poison_heavy,poison_flood,True,local_only,poison_heavy_good_regime_32768,12,64,70,166,182,70,11,0,0,0,0,0,0.0,0.0,70.72727272727273,0,4.487272727272726,0.0,,,
73,50411,good_regime_32768,32768,7,star_sparse,0.4,200,poison_heavy,poison_flood,True,exact_gossip,poison_heavy_good_regime_32768,12,25,44,69,141,44,11,0,0,55,2891388,2964,240949.0,975.502024291498,95.0,143,280.649917355372,0.0,,,
74,50411,good_regime_32768,32768,7,regional_mesh,0.7,300,collusion_3,coordinated_poison,True,ghost_meadow,collusion_3_good_regime_32768,12,79,80,,,80,0,0,0,295,88933680,10811,7411140.0,8226.22144112478,54.64918348524306,0,7.450580596923828e-05,0.0,0.0,1.0,6.2042236328125
74,50411,good_regime_32768,32768,7,regional_mesh,0.7,300,collusion_3,coordinated_poison,True,local_only,collusion_3_good_regime_32768,12,65,69,177,183,69,9,0,0,31,0,0,0.0,0.0,95.0,71,7.217777777777766,0.0,,,
74,50411,good_regime_32768,32768,7,regional_mesh,0.7,300,collusion_3,coordinated_poison,True,exact_gossip,collusion_3_good_regime_32768,12,8,9,22,22,9,9,0,0,429,34595214,10783,2882934.5,3208.3106742094037,95.0,441,0.0,0.0,,,
75,50411,good_regime_32768,32768,7,partitioned_clusters,0.15,100,namespace_flood,namespace_flood,True,ghost_meadow,namespace_flood_good_regime_32768,12,7,18,20,28,18,11,0,0,174,35827920,4380,2985660.0,8179.890410958904,98.84088689630681,300,0.004671544821794368,0.0,0.0,1.0,6.2042236328125
75,50411,good_regime_32768,32768,7,partitioned_clusters,0.15,100,namespace_flood,namespace_flood,True,local_only,namespace_flood_good_regime_32768,12,64,70,,,70,0,0,0,0,0,0,0.0,0.0,36.36363636363637,0,4.487272727272726,0.0,,,
75,50411,good_regime_32768,32768,7,partitioned_clusters,0.15,100,namespace_flood,namespace_flood,True,exact_gossip,namespace_flood_good_regime_32768,12,1,9,2,9,9,11,0,0,417,15482688,4346,1290224.0,3562.514496088357,95.0,447,0.0,0.0,,,
76,50411,good_regime_32768,32768,7,full_mesh,0.4,200,stale_replay,replay_stale,True,ghost_meadow,stale_replay_good_regime_32768,12,76,128,,,128,0,0,11,208,199577520,24311,16631460.0,8209.350499773765,44.16781338778409,0,0.00011083508326002399,0.0,0.0,1.0,6.2042236328125
76,50411,good_regime_32768,32768,7,full_mesh,0.4,200,stale_replay,replay_stale,True,local_only,stale_replay_good_regime_32768,12,64,70,166,182,70,0,11,0,0,0,0,0.0,0.0,70.72727272727273,0,4.487272727272726,0.0,,,
76,50411,good_regime_32768,32768,7,full_mesh,0.4,200,stale_replay,replay_stale,True,exact_gossip,stale_replay_good_regime_32768,12,6,6,16,16,6,0,11,0,425,83711848,24314,6975987.333333333,3442.948424775849,95.0,448,0.0,0.0,,,
77,50411,good_regime_192000,192000,13,ring,0.7,300,benign_heavy,none,False,ghost_meadow,benign_heavy_good_regime_192000,12,,,,,,0,0,0,0,400405424,8339,33367118.666666668,48016.0,22.405729166666674,0,0.00023347642686630658,0.0,0.0,1.0,2.021875
77,50411,good_regime_192000,192000,13,ring,0.7,300,benign_heavy,none,False,local_only,benign_heavy_good_regime_192000,12,38,43,108,114,43,12,0,0,159,0,0,0.0,0.0,95.0,222,0.0,0.0,,,
77,50411,good_regime_192000,192000,13,ring,0.7,300,benign_heavy,none,False,exact_gossip,benign_heavy_good_regime_192000,12,4,5,10,10,5,12,0,0,461,32308788,8339,2692399.0,3874.4199544309868,95.0,475,0.0,0.0,,,
78,50411,good_regime_192000,192000,13,star_sparse,0.15,100,coordinated_bursty,distributed_campaign,True,ghost_meadow,coordinated_bursty_good_regime_192000,12,,,,,,0,0,12,0,91038336,1896,7586528.0,48016.0,10.580338541666666,0,0.026730881679205246,0.0,0.0,1.0,2.021875
78,50411,good_regime_192000,192000,13,star_sparse,0.15,100,coordinated_bursty,distributed_campaign,True,local_only,coordinated_bursty_good_regime_192000,12,62,70,,,70,0,0,12,0,0,0,0.0,0.0,37.31666666666666,0,6.943333333333331,0.0,,,
78,50411,good_regime_192000,192000,13,star_sparse,0.15,100,coordinated_bursty,distributed_campaign,True,exact_gossip,coordinated_bursty_good_regime_192000,12,8,10,19,25,10,0,12,0,290,6211952,1896,517662.6666666667,3276.3459915611816,95.0,355,0.0,0.0,,,
79,50411,good_regime_192000,192000,13,regional_mesh,0.4,200,low_and_slow,distributed_campaign,True,ghost_meadow,low_and_slow_good_regime_192000,12,,,,,,0,0,12,0,404630832,8427,33719236.0,48016.0,16.74548611111111,0,0.005189998297043843,0.0,0.0,1.0,2.021875
79,50411,good_regime_192000,192000,13,regional_mesh,0.4,200,low_and_slow,distributed_campaign,True,local_only,low_and_slow_good_regime_192000,12,62,68,172,181,68,0,12,0,0,0,0,0.0,0.0,71.56666666666666,0,5.298888888888886,0.0,,,
79,50411,good_regime_192000,192000,13,regional_mesh,0.4,200,low_and_slow,distributed_campaign,True,exact_gossip,low_and_slow_good_regime_192000,12,6,8,16,17,8,0,12,0,416,31060540,8427,2588378.3333333335,3685.8360033226536,95.0,439,0.0,0.0,,,
80,50411,good_regime_192000,192000,13,partitioned_clusters,0.7,300,poison_heavy,poison_flood,True,ghost_meadow,poison_heavy_good_regime_192000,12,,,,,,0,0,0,0,956766816,19929,79730568.0,48008.77194038838,20.426278409090912,0,0.0009744327149333921,0.0,0.0,1.0,2.021875
80,50411,good_regime_192000,192000,13,partitioned_clusters,0.7,300,poison_heavy,poison_flood,True,local_only,poison_heavy_good_regime_192000,12,64,70,166,182,70,11,0,0,33,0,0,0.0,0.0,95.0,73,5.5114049586776765,0.0,,,
80,50411,good_regime_192000,192000,13,partitioned_clusters,0.7,300,poison_heavy,poison_flood,True,exact_gossip,poison_heavy_good_regime_192000,12,6,6,17,17,6,11,0,0,444,69982192,19920,5831849.333333333,3513.162248995984,95.0,460,0.0,0.0,,,
81,50411,good_regime_192000,192000,13,full_mesh,0.15,100,collusion_3,coordinated_poison,True,ghost_meadow,collusion_3_good_regime_192000,12,,,,,,0,0,0,0,357383088,7413,29781924.0,48210.31808984217,10.471527777777776,0,0.0007147593557098852,0.0,0.0,1.0,2.021875
81,50411,good_regime_192000,192000,13,full_mesh,0.15,100,collusion_3,coordinated_poison,True,local_only,collusion_3_good_regime_192000,12,65,69,,,69,0,0,0,0,0,0,0.0,0.0,36.0,0,3.7965432098765444,0.0,,,
81,50411,good_regime_192000,192000,13,full_mesh,0.15,100,collusion_3,coordinated_poison,True,exact_gossip,collusion_3_good_regime_192000,12,8,8,18,19,8,9,0,0,351,18989848,7449,1582487.3333333333,2549.3150758491074,95.0,388,0.0,0.0,,,
82,50411,good_regime_192000,192000,13,ring,0.4,200,namespace_flood,namespace_flood,True,ghost_meadow,namespace_flood_good_regime_192000,12,18,24,72,77,24,11,0,0,160,208701544,4381,17391795.333333332,47637.878110020545,93.88939393939395,169,1.6693721034923106,0.0,0.0,1.0,2.021875
82,50411,good_regime_192000,192000,13,ring,0.4,200,namespace_flood,namespace_flood,True,local_only,namespace_flood_good_regime_192000,12,64,70,166,182,70,11,0,0,0,0,0,0.0,0.0,70.72727272727273,0,4.487272727272726,0.0,,,
82,50411,good_regime_192000,192000,13,ring,0.4,200,namespace_flood,namespace_flood,True,exact_gossip,namespace_flood_good_regime_192000,12,4,7,4,7,7,11,0,0,455,15855290,4305,1321274.1666666667,3682.994192799071,95.0,475,0.0,0.0,,,
83,50411,good_regime_192000,192000,13,star_sparse,0.7,300,stale_replay,replay_stale,True,ghost_meadow,stale_replay_good_regime_192000,12,,,,,,0,0,11,0,250595504,5283,20882958.666666668,47434.3183797085,20.47675189393939,0,0.004228040346648256,0.0,0.0,1.0,2.021875
83,50411,good_regime_192000,192000,13,star_sparse,0.7,300,stale_replay,replay_stale,True,local_only,stale_replay_good_regime_192000,12,64,70,166,182,70,0,11,0,33,0,0,0.0,0.0,95.0,73,5.5114049586776765,0.0,,,
83,50411,good_regime_192000,192000,13,star_sparse,0.7,300,stale_replay,replay_stale,True,exact_gossip,stale_replay_good_regime_192000,12,25,45,70,141,45,0,11,0,177,6674430,5205,556202.5,1282.3112391930836,95.0,261,0.0,0.0,,,
84,50548,negative_control_4096,4096,2,partitioned_clusters,0.15,200,benign_heavy,none,False,ghost_meadow,benign_heavy_negative_control_4096,12,21,26,89,94,26,12,0,0,217,4922320,4733,410193.3333333333,1040.0,79.8095703125,0,0.609490606519911,0.0,0.015,1.0,13.4521484375
84,50548,negative_control_4096,4096,2,partitioned_clusters,0.15,200,benign_heavy,none,False,local_only,benign_heavy_negative_control_4096,12,37,42,107,113,42,12,0,0,61,0,0,0.0,0.0,95.0,121,2.6541666666666632,0.0,,,
84,50548,negative_control_4096,4096,2,partitioned_clusters,0.15,200,benign_heavy,none,False,exact_gossip,benign_heavy_negative_control_4096,12,6,8,13,14,8,12,0,0,418,17557516,4733,1463126.3333333333,3709.5956053243185,95.0,448,0.0,0.0,,,
85,50548,negative_control_4096,4096,2,full_mesh,0.4,300,coordinated_bursty,distributed_campaign,True,ghost_meadow,coordinated_bursty_negative_control_4096,12,29,45,210,210,45,0,12,0,279,27604720,26543,2300393.3333333335,1040.0,81.4453125,20,0.00023179584079318564,0.0,0.015,1.0,13.4521484375
85,50548,negative_control_4096,4096,2,full_mesh,0.4,300,coordinated_bursty,distributed_campaign,True,local_only,coordinated_bursty_negative_control_4096,12,65,69,173,182,69,0,12,0,32,0,0,0.0,0.0,95.0,75,7.518888888888893,0.0,,,
85,50548,negative_control_4096,4096,2,full_mesh,0.4,300,coordinated_bursty,distributed_campaign,True,exact_gossip,coordinated_bursty_negative_control_4096,12,6,6,16,16,6,0,12,0,448,101275652,26543,8439637.666666666,3815.531477225634,95.0,463,0.0,0.0,,,
86,50548,negative_control_4096,4096,2,ring,0.7,100,low_and_slow,distributed_campaign,True,ghost_meadow,low_and_slow_negative_control_4096,12,30,32,,,32,0,0,12,11,8763040,8426,730253.3333333334,1040.0,56.547037760416664,0,0.03898723257912529,0.0,0.015,1.0,13.4521484375
86,50548,negative_control_4096,4096,2,ring,0.7,100,low_and_slow,distributed_campaign,True,local_only,low_and_slow_negative_control_4096,12,65,67,,,67,0,0,12,0,0,0,0.0,0.0,37.083333333333336,0,5.089722222222222,0.0,,,
86,50548,negative_control_4096,4096,2,ring,0.7,100,low_and_slow,distributed_campaign,True,exact_gossip,low_and_slow_negative_control_4096,12,6,7,16,17,7,0,12,0,360,29293904,8426,2441158.6666666665,3476.6085924519343,95.0,398,0.0,0.0,,,
87,50548,negative_control_4096,4096,2,star_sparse,0.15,200,poison_heavy,poison_flood,True,ghost_meadow,poison_heavy_negative_control_4096,12,36,42,,,42,0,0,0,193,866320,829,72193.33333333333,1045.0180940892642,72.16796875,0,4.523992538452148,0.0,0.015,1.0,13.4521484375
87,50548,negative_control_4096,4096,2,star_sparse,0.15,200,poison_heavy,poison_flood,True,local_only,poison_heavy_negative_control_4096,12,66,68,179,182,68,11,0,0,0,0,0,0.0,0.0,70.39999999999999,0,2.5269421487603294,0.0,,,
87,50548,negative_control_4096,4096,2,star_sparse,0.15,200,poison_heavy,poison_flood,True,exact_gossip,poison_heavy_negative_control_4096,12,45,47,142,147,47,11,0,0,47,309134,843,25761.166666666668,366.7069988137604,95.0,108,3.1054545454545393,0.0,,,
88,50548,negative_control_4096,4096,2,regional_mesh,0.4,300,collusion_3,coordinated_poison,True,ghost_meadow,collusion_3_negative_control_4096,12,33,34,142,144,34,9,0,0,256,6487000,6267,540583.3333333334,1035.1045157172491,83.69683159722223,47,0.007417466905381944,0.0,0.015,1.0,13.4521484375
88,50548,negative_control_4096,4096,2,regional_mesh,0.4,300,collusion_3,coordinated_poison,True,local_only,collusion_3_negative_control_4096,12,61,69,173,188,69,9,0,0,31,0,0,0.0,0.0,95.0,73,2.8809876543209776,0.0,,,
88,50548,negative_control_4096,4096,2,regional_mesh,0.4,300,collusion_3,coordinated_poison,True,exact_gossip,collusion_3_negative_control_4096,12,9,9,22,23,9,9,0,0,427,19962702,6207,1663558.5,3216.159497341711,95.0,440,0.0,0.0,,,
89,50548,negative_control_4096,4096,2,partitioned_clusters,0.7,100,namespace_flood,namespace_flood,True,ghost_meadow,namespace_flood_negative_control_4096,12,2,2,8,10,2,11,0,0,317,20705360,19906,1725446.6666666667,1040.1567366623128,100.0,425,0.0,0.0,0.015,1.0,13.4521484375
89,50548,negative_control_4096,4096,2,partitioned_clusters,0.7,100,namespace_flood,namespace_flood,True,local_only,namespace_flood_negative_control_4096,12,66,68,,,68,0,0,0,0,0,0,0.0,0.0,36.309090909090905,0,2.5269421487603294,0.0,,,
89,50548,negative_control_4096,4096,2,partitioned_clusters,0.7,100,namespace_flood,namespace_flood,True,exact_gossip,namespace_flood_negative_control_4096,12,1,2,2,2,2,11,0,0,465,75117866,19922,6259822.166666667,3770.5986346752334,95.0,493,0.0,0.0,,,
90,50548,negative_control_4096,4096,2,full_mesh,0.15,200,stale_replay,replay_stale,True,ghost_meadow,stale_replay_negative_control_4096,12,31,32,138,141,32,0,11,0,184,9601280,9236,800106.6666666666,1039.549588566479,73.79039417613636,0,0.03205843208249935,0.0,0.015,1.0,13.4521484375
90,50548,negative_control_4096,4096,2,full_mesh,0.15,200,stale_replay,replay_stale,True,local_only,stale_replay_negative_control_4096,12,66,68,179,182,68,0,11,0,0,0,0,0.0,0.0,70.39999999999999,0,2.5269421487603294,0.0,,,
90,50548,negative_control_4096,4096,2,full_mesh,0.15,200,stale_replay,replay_stale,True,exact_gossip,stale_replay_negative_control_4096,12,7,8,17,18,8,0,11,0,419,31679424,9231,2639952.0,3431.8518037049075,95.0,442,0.0,0.0,,,
91,50548,good_regime_32768,32768,7,ring,0.4,300,benign_heavy,none,False,ghost_meadow,benign_heavy_good_regime_32768,12,46,49,,,49,0,0,0,338,39308112,4789,3275676.0,8208.0,54.88001505533854,0,0.00913549835483233,0.0,0.0,1.0,6.1737060546875
91,50548,good_regime_32768,32768,7,ring,0.4,300,benign_heavy,none,False,local_only,benign_heavy_good_regime_32768,12,37,42,107,113,42,12,0,0,164,0,0,0.0,0.0,95.0,222,0.0,0.0,,,
91,50548,good_regime_32768,32768,7,ring,0.4,300,benign_heavy,none,False,exact_gossip,benign_heavy_good_regime_32768,12,6,9,12,16,9,12,0,0,451,18254156,4789,1521179.6666666667,3811.684276466903,95.0,466,0.0,0.0,,,
92,50548,good_regime_32768,32768,7,star_sparse,0.7,100,coordinated_bursty,distributed_campaign,True,ghost_meadow,coordinated_bursty_good_regime_32768,12,74,75,,,75,0,0,12,24,63415008,7726,5284584.0,8208.0,31.5765380859375,0,0.005407038972609572,0.0,0.0,1.0,6.1737060546875
92,50548,good_regime_32768,32768,7,star_sparse,0.7,100,coordinated_bursty,distributed_campaign,True,local_only,coordinated_bursty_good_regime_32768,12,65,69,,,69,0,0,12,0,0,0,0.0,0.0,37.75000000000001,0,4.534166666666666,0.0,,,
92,50548,good_regime_32768,32768,7,star_sparse,0.7,100,coordinated_bursty,distributed_campaign,True,exact_gossip,coordinated_bursty_good_regime_32768,12,6,6,16,20,6,0,12,0,368,27247288,7726,2270607.3333333335,3526.700491845716,95.0,405,0.0,0.0,,,
93,50548,good_regime_32768,32768,7,regional_mesh,0.15,200,low_and_slow,distributed_campaign,True,ghost_meadow,low_and_slow_good_regime_32768,12,79,81,,,81,0,0,12,180,26380512,3214,2198376.0,8208.0,43.48882039388021,0,0.15497181771530044,0.0,0.0,1.0,6.1737060546875
93,50548,good_regime_32768,32768,7,regional_mesh,0.15,200,low_and_slow,distributed_campaign,True,local_only,low_and_slow_good_regime_32768,12,65,67,172,184,67,0,12,0,0,0,0,0.0,0.0,71.68333333333334,0,5.089722222222222,0.0,,,
93,50548,good_regime_32768,32768,7,regional_mesh,0.15,200,low_and_slow,distributed_campaign,True,exact_gossip,low_and_slow_good_regime_32768,12,10,14,19,22,14,0,12,0,396,11457264,3214,954772.0,3564.7990043559425,95.0,423,0.0,0.0,,,
94,50548,good_regime_32768,32768,7,partitioned_clusters,0.4,300,poison_heavy,poison_flood,True,ghost_meadow,poison_heavy_good_regime_32768,12,77,78,,,78,0,0,0,296,93866688,11431,7822224.0,8211.59023707462,51.25871138139205,0,0.028938424488729686,0.0,0.0,1.0,6.1737060546875
94,50548,good_regime_32768,32768,7,partitioned_clusters,0.4,300,poison_heavy,poison_flood,True,local_only,poison_heavy_good_regime_32768,12,66,68,179,182,68,11,0,0,29,0,0,0.0,0.0,95.0,69,6.027768595041306,0.0,,,
94,50548,good_regime_32768,32768,7,partitioned_clusters,0.4,300,poison_heavy,poison_flood,True,exact_gossip,poison_heavy_good_regime_32768,12,8,8,17,17,8,11,0,0,441,40117876,11463,3343156.3333333335,3499.7710895926025,95.0,458,0.0,0.0,,,
95,50548,good_regime_32768,32768,7,full_mesh,0.7,100,collusion_3,coordinated_poison,True,ghost_meadow,collusion_3_good_regime_32768,12,,,,,,0,0,0,1,284333328,34607,23694444.0,8216.064033288063,30.04828559027778,0,0.0,0.0,0.0,1.0,6.1737060546875
95,50548,good_regime_32768,32768,7,full_mesh,0.7,100,collusion_3,coordinated_poison,True,local_only,collusion_3_good_regime_32768,12,61,69,,,69,0,0,0,0,0,0,0.0,0.0,36.55555555555556,0,1.4143209876543201,0.0,,,
95,50548,good_regime_32768,32768,7,full_mesh,0.7,100,collusion_3,coordinated_poison,True,exact_gossip,collusion_3_good_regime_32768,12,7,7,18,18,7,9,0,0,357,89258968,34590,7438247.333333333,2580.4847643827698,95.0,397,0.0,0.0,,,
96,50548,good_regime_32768,32768,7,ring,0.15,200,namespace_flood,namespace_flood,True,ghost_meadow,namespace_flood_good_regime_32768,12,10,29,24,44,29,11,0,0,250,13768920,1663,1147410.0,8279.56704750451,99.97752796519886,319,2.170040556960855,0.0,0.0,1.0,6.1737060546875
96,50548,good_regime_32768,32768,7,ring,0.15,200,namespace_flood,namespace_flood,True,local_only,namespace_flood_good_regime_32768,12,66,68,179,182,68,11,0,0,0,0,0,0.0,0.0,70.39999999999999,0,2.5269421487603294,0.0,,,
96,50548,good_regime_32768,32768,7,ring,0.15,200,namespace_flood,namespace_flood,True,exact_gossip,namespace_flood_good_regime_32768,12,2,15,2,15,15,11,0,0,395,5917988,1665,493165.6666666667,3554.347147147147,95.0,429,0.0,0.0,,,
97,50548,good_regime_32768,32768,7,star_sparse,0.4,300,stale_replay,replay_stale,True,ghost_meadow,stale_replay_good_regime_32768,12,76,76,,,76,0,0,11,297,17991936,2186,1499328.0,8230.528819762123,51.18047540838068,0,0.08179952413582604,0.0,0.0,1.0,6.1737060546875
97,50548,good_regime_32768,32768,7,star_sparse,0.4,300,stale_replay,replay_stale,True,local_only,stale_replay_good_regime_32768,12,66,68,179,182,68,0,11,0,29,0,0,0.0,0.0,95.0,69,6.027768595041306,0.0,,,
97,50548,good_regime_32768,32768,7,star_sparse,0.4,300,stale_replay,replay_stale,True,exact_gossip,stale_replay_good_regime_32768,12,45,46,142,146,46,0,11,0,170,1360564,2228,113380.33333333333,610.6660682226212,95.0,229,0.0,0.0,,,
98,50548,good_regime_192000,192000,13,regional_mesh,0.7,100,benign_heavy,none,False,ghost_meadow,benign_heavy_good_regime_192000,12,,,,,,0,0,0,0,706891552,14722,58907629.333333336,48016.0,14.78337673611111,0,0.0009162262339650869,0.0,0.0,1.0,2.0052083333333335
98,50548,good_regime_192000,192000,13,regional_mesh,0.7,100,benign_heavy,none,False,local_only,benign_heavy_good_regime_192000,12,37,42,,,42,0,0,0,0,0,0,0.0,0.0,59.25,0,2.6541666666666632,0.0,,,
98,50548,good_regime_192000,192000,13,regional_mesh,0.7,100,benign_heavy,none,False,exact_gossip,benign_heavy_good_regime_192000,12,4,4,10,10,4,12,0,0,408,54261304,14722,4521775.333333333,3685.72911289227,95.0,440,0.0,0.0,,,
99,50548,good_regime_192000,192000,13,partitioned_clusters,0.15,200,coordinated_bursty,distributed_campaign,True,ghost_meadow,coordinated_bursty_good_regime_192000,12,,,,,,0,0,12,0,227259728,4733,18938310.666666668,48016.0,17.12452256944444,0,0.07550643167377988,0.0,0.0,1.0,2.0052083333333335
99,50548,good_regime_192000,192000,13,partitioned_clusters,0.15,200,coordinated_bursty,distributed_campaign,True,local_only,coordinated_bursty_good_regime_192000,12,65,69,173,182,69,0,12,0,0,0,0,0.0,0.0,73.01666666666667,0,4.534166666666666,0.0,,,
99,50548,good_regime_192000,192000,13,partitioned_clusters,0.15,200,coordinated_bursty,distributed_campaign,True,exact_gossip,coordinated_bursty_good_regime_192000,12,8,9,21,25,9,0,12,0,383,16927652,4733,1410637.6666666667,3576.5163743925627,95.0,423,0.0,0.0,,,
100,50548,good_regime_192000,192000,13,full_mesh,0.4,300,low_and_slow,distributed_campaign,True,ghost_meadow,low_and_slow_good_regime_192000,12,,,,,,0,0,12,0,1274488688,26543,106207390.66666667,48016.0,20.35620659722223,0,6.128193419659265e-05,0.0,0.0,1.0,2.0052083333333335
100,50548,good_regime_192000,192000,13,full_mesh,0.4,300,low_and_slow,distributed_campaign,True,local_only,low_and_slow_good_regime_192000,12,65,67,172,184,67,0,12,0,32,0,0,0.0,0.0,95.0,72,5.918888888888888,0.0,,,
100,50548,good_regime_192000,192000,13,full_mesh,0.4,300,low_and_slow,distributed_campaign,True,exact_gossip,low_and_slow_good_regime_192000,12,6,6,16,16,6,0,12,0,447,101206108,26543,8433842.333333334,3812.911426741514,95.0,463,0.0,0.0,,,
101,50548,good_regime_192000,192000,13,ring,0.7,100,poison_heavy,poison_flood,True,ghost_meadow,poison_heavy_good_regime_192000,12,,,,,,0,0,0,0,370611496,7710,30884291.333333332,48068.935927367056,10.701041666666667,0,0.003981285690713977,0.0,0.0,1.0,2.0052083333333335
101,50548,good_regime_192000,192000,13,ring,0.7,100,poison_heavy,poison_flood,True,local_only,poison_heavy_good_regime_192000,12,66,68,,,68,0,0,0,0,0,0,0.0,0.0,36.309090909090905,0,2.5269421487603294,0.0,,,
101,50548,good_regime_192000,192000,13,ring,0.7,100,poison_heavy,poison_flood,True,exact_gossip,poison_heavy_good_regime_192000,12,7,8,18,19,8,11,0,0,343,24067284,7727,2005607.0,3114.699624692636,95.0,388,0.0,0.0,,,
102,50548,good_regime_192000,192000,13,star_sparse,0.15,200,collusion_3,coordinated_poison,True,ghost_meadow,collusion_3_good_regime_192000,12,,,,,,0,0,0,0,33035008,680,2752917.3333333335,48580.89411764706,16.897395833333334,0,0.3532582090192047,0.0,0.0,1.0,2.0052083333333335
102,50548,good_regime_192000,192000,13,star_sparse,0.15,200,collusion_3,coordinated_poison,True,local_only,collusion_3_good_regime_192000,12,61,69,173,188,69,9,0,0,0,0,0,0.0,0.0,70.55555555555556,0,1.4143209876543201,0.0,,,
102,50548,good_regime_192000,192000,13,star_sparse,0.15,200,collusion_3,coordinated_poison,True,exact_gossip,collusion_3_good_regime_192000,12,44,47,140,151,47,9,0,0,49,260846,697,21737.166666666668,374.2410329985653,95.0,106,2.5550617283950583,0.0,,,
103,50548,good_regime_192000,192000,13,regional_mesh,0.4,300,namespace_flood,namespace_flood,True,ghost_meadow,namespace_flood_good_regime_192000,12,18,19,70,71,19,11,0,0,255,358967616,7486,29913968.0,47951.858936681805,98.58839962121213,277,0.008373207393537072,0.0,0.0,1.0,2.0052083333333335
103,50548,good_regime_192000,192000,13,regional_mesh,0.4,300,namespace_flood,namespace_flood,True,local_only,namespace_flood_good_regime_192000,12,66,68,179,182,68,11,0,0,29,0,0,0.0,0.0,95.0,69,6.027768595041306,0.0,,,
103,50548,good_regime_192000,192000,13,regional_mesh,0.4,300,namespace_flood,namespace_flood,True,exact_gossip,namespace_flood_good_regime_192000,12,1,2,2,3,2,11,0,0,482,27545934,7444,2295494.5,3700.421010209565,95.0,493,0.0,0.0,,,
104,50548,good_regime_192000,192000,13,partitioned_clusters,0.7,100,stale_replay,replay_stale,True,ghost_meadow,stale_replay_good_regime_192000,12,,,,,,0,0,11,0,955950544,19906,79662545.33333333,48023.23641113232,11.112405303030302,0,0.0067822175949839745,0.0,0.0,1.0,2.0052083333333335
104,50548,good_regime_192000,192000,13,partitioned_clusters,0.7,100,stale_replay,replay_stale,True,local_only,stale_replay_good_regime_192000,12,66,68,,,68,0,0,11,0,0,0,0.0,0.0,36.309090909090905,0,2.5269421487603294,0.0,,,
104,50548,good_regime_192000,192000,13,partitioned_clusters,0.7,100,stale_replay,replay_stale,True,exact_gossip,stale_replay_good_regime_192000,12,7,7,17,17,7,0,11,0,368,65297590,19922,5441465.833333333,3277.66238329485,95.0,409,0.0,0.0,,,
